description,category
huge pothole in middle of main road causing traffic delays and accidents,Road Damage
broken road surface with deep cracks near street junction,Road Damage
damaged asphalt road after heavy rains needs urgent resurfacing,Road Damage
uneven road surface causing severe vehicle damage and vibration,Road Damage
dangerous crater-like potholes on hospital access road,Road Damage
tar layer peeled off completely leaving sharp stones exposed,Road Damage
severely degraded road with multiple potholes blocking lane,Road Damage
road cracked near bridge entry causing dangerous driving conditions,Road Damage
unpaved road full of mud and deep ruts after rain,Road Damage
street road damage making two wheeler riding extremely risky,Road Damage
potholes causing traffic jams during peak morning hours,Road Damage
deep road ditch left open without barricade on main highway,Road Damage
poor quality road repair washed away within one week,Road Damage
giant hole in asphalt near school gate endangering children,Road Damage
bad road condition causing frequent bike skidding incidents,Road Damage
pothole issue near market entrance needs immediate bituminous patch,Road Damage
broken pavement and damaged concrete road slabs,Road Damage
cracked street asphalt creating severe hazards for commuter buses,Road Damage
road digging left unfilled by cable workers creating trench,Road Damage
damaged road divider causing head-on collision risks,Road Damage
caved in road surface near underground water pipe,Road Damage
road surface eroded near bus stop causing gravel spray,Road Damage
multiple potholes across entire street stretch,Road Damage
damaged road causing dust and vehicle suspension damage,Road Damage
deep potholes near railway overbridge approach road,Road Damage
Large pothole on the main road,Road Damage
Road is damaged near the bus stop,Road Damage
pothole near bus stop,Road Damage
road is badly damaged,Road Damage
potholes everywhere on this street,Road Damage
road has big holes and damaged surface,Road Damage
road tar completely damaged need road work,Road Damage
dangerous potholes causing accidents daily,Road Damage
cement road damaged and cracked,Road Damage
road full of potholes and stones,Road Damage
no drinking water supply in our ward for past three days,Water Supply
low water pressure in tap line unable to fill tank,Water Supply
clean water pipe leaking heavily under main street,Water Supply
drinking water shortage in residential colony during summer,Water Supply
water supply interrupted without prior notice from water board,Water Supply
underground water pipeline burst flooding street with clean water,Water Supply
foul smelling dirty tap water coming from municipal supply pipe,Water Supply
water pipeline leak near main tank wasting thousands of liters,Water Supply
no municipal tap water received for entire week,Water Supply
muddy water coming out of household taps continuously,Water Supply
water supply line broken during drainage construction work,Water Supply
inadequate water pressure to reach upper floor apartments,Water Supply
drinking water line contaminated with sewage seepage,Water Supply
water tank overflow valve broken spilling water on road,Water Supply
saline brackish water being supplied instead of fresh water,Water Supply
public water standpost damaged and leaking continuously,Water Supply
water pipe fracture causing road flooding near market,Water Supply
irregular municipal water supply timing causing inconvenience,Water Supply
no water flow in main supply trunk pipeline,Water Supply
water connection pipe damaged by JCB excavation work,Water Supply
household drinking water supply completely stopped,Water Supply
leaking joint in main water distribution line,Water Supply
low flow rate in drinking water pipeline system,Water Supply
water supply pump station breakdown leaving area dry,Water Supply
contaminated yellow water coming from municipal tap,Water Supply
Water pipe is leaking near my street,Water Supply
There is no drinking water supply for three days,Water Supply
there is no water supply in my street,Water Supply
water pipe is leaking,Water Supply
drinking water pipeline broken and leaking,Water Supply
no water in municipal line since yesterday,Water Supply
tap water not coming in our area,Water Supply
severe drinking water crisis in ward,Water Supply
water supply not working,Water Supply
water pipe burst in middle of street,Water Supply
street light lamp broken and dark on residential lane,Street Light
streetlights not working along entire main road stretch,Street Light
flickering streetlight creating safety hazard at night,Street Light
broken light pole leaning dangerously towards pavement,Street Light
street lamp bulb fused near ladies hostel entrance,Street Light
dark street light out causing theft risk in area,Street Light
street lights remaining ON during full daylight hours wasting electricity,Street Light
light pole wire exposed causing electric shock hazard,Street Light
automatic timer on street lights broken causing dark streets,Street Light
dark alleyway needs new streetlight installation urgently,Street Light
lamp post damaged by speeding vehicle collision,Street Light
street light fixture hanging loosely by electric wire,Street Light
no street illumination near park perimeter pathway,Street Light
streetlights off for past four days creating dark spots,Street Light
electric pole junction box left open without cover,Street Light
broken glass cover on street light fitting,Street Light
insufficient lighting on dangerous road curve,Street Light
street light pole short-circuited and sparking,Street Light
non functioning sodium street lamps on highway,Street Light
LED street lights not working in ward 12,Street Light
dark road causing inconvenience to night commuters,Street Light
broken lamp post foundation loose and wobbling,Street Light
street lighting system completely out of order,Street Light
underground cable fault causing dark street lights,Street Light
street light bulb burnt out near public crosswalk,Street Light
Street light is not working,Street Light
street lamp is not working,Street Light
street light not working,Street Light
streetlights not working,Street Light
no street light in our area,Street Light
dark street road lights not working,Street Light
street light broken and dark,Street Light
lamp post light fused,Street Light
frequent power cuts and unannounced load shedding in locality,Electricity / Power
transformer sparking loudly and catching fire near residential building,Electricity / Power
high voltage fluctuation damaging household electrical appliances,Electricity / Power
low voltage issue making fans and lights dim continuously,Electricity / Power
hanging loose electric wire touching trees on main road,Electricity / Power
power outage for past six hours in entire neighborhood,Electricity / Power
electric distribution box smoking and burning smell coming,Electricity / Power
electric pole tilted at dangerous angle over house roof,Electricity / Power
underground power cable fault caused complete blackout,Electricity / Power
sparking overhead electric line near high rise building,Electricity / Power
electricity transformer overloaded and leaking oil,Electricity / Power
broken electric meter box exposing live electrical wires,Electricity / Power
frequent voltage spikes tripping main circuit breaker,Electricity / Power
power supply cable snapped and fallen on wet ground,Electricity / Power
phase failure causing partial electricity loss in houses,Electricity / Power
electricity line touching metal street gate causing shock,Electricity / Power
transformer blast left entire street without electricity,Electricity / Power
electric power grid trip leading to prolonged outage,Electricity / Power
loose neutral wire causing severe voltage instability,Electricity / Power
dangling high tension wire posing extreme danger to pedestrians,Electricity / Power
frequent power tripping every ten minutes in evening,Electricity / Power
burnt out electrical feeder pillar box on pavement,Electricity / Power
no power supply in residential block since morning,Electricity / Power
electricity pole insulation failed causing sparking,Electricity / Power
unprotected electrical junction box open near playground,Electricity / Power
electric power cut problem,Electricity / Power
no electricity in street,Electricity / Power
electricity transformer issue,Electricity / Power
wire cut electricity problem,Electricity / Power
garbage bin overflowing onto public road attracting stray animals,Garbage / Waste
waste dumping along roadside creating unbearable foul smell,Garbage / Waste
garbage collector van not visiting street for past four days,Garbage / Waste
huge pile of uncollected trash rotting near residential entrance,Garbage / Waste
plastic waste and food garbage dumped in open vacant plot,Garbage / Waste
public dustbin broken and spilling waste on foot path,Garbage / Waste
commercial shopkeeper dumping bio waste in open street drain,Garbage / Waste
garbage heap blocking pedestrian walkway completely,Garbage / Waste
foul odor from rotting organic waste near vegetable market,Garbage / Waste
illegal dumping of domestic trash near school boundary wall,Garbage / Waste
garbage trucks spilling liquid waste on road while transporting,Garbage / Waste
unattended solid waste pile creating breeding ground for flies,Garbage / Waste
garbage burning by sanitary workers causing heavy smoke,Garbage / Waste
community waste bin overfilled and neglected for week,Garbage / Waste
decaying food waste dumped in open plot causing health hazard,Garbage / Waste
littering and plastic waste scattered across public park,Garbage / Waste
dry leaves and garden waste dumped on road side,Garbage / Waste
waste management team missing scheduled door to door pick up,Garbage / Waste
overflowing trash container polluting surrounding environment,Garbage / Waste
medical waste illegally dumped along public road curb,Garbage / Waste
fish market garbage dumped openly on public pavement,Garbage / Waste
rotting garbage pile spreading diseases in residential area,Garbage / Waste
no trash cans provided in high footfall market street,Garbage / Waste
garbage truck missed collection route for three days,Garbage / Waste
accumulated waste creating severe mosquito breeding threat,Garbage / Waste
Garbage has not been collected for one week,Garbage / Waste
Park is full of waste,Garbage / Waste
garbage is not collected,Garbage / Waste
garbage problem in our street,Garbage / Waste
waste not cleared by municipality,Garbage / Waste
huge garbage dump near house,Garbage / Waste
trash bins full and overflowing,Garbage / Waste
kuppa waste not collected,Garbage / Waste
blocked drainage line causing sewage water overflow onto main road,Drainage / Sewage
manhole cover missing on public street creating death trap,Drainage / Sewage
clogged sewer pipe overflowing dirty black water into house compound,Drainage / Sewage
foul smelling sewage leaking from cracked underground drain pipe,Drainage / Sewage
open drain line overflowing into nearby residential quarters,Drainage / Sewage
stormwater drain choked with plastic waste and mud sludge,Drainage / Sewage
broken manhole concrete lid broken in half,Drainage / Sewage
sewerage line backup causing toilet drain overflow,Drainage / Sewage
drainage channel blocked causing stagnant water accumulation,Drainage / Sewage
dirty wastewater flooding street during minor rain,Drainage / Sewage
manhole overflowing with raw sewage near dining restaurant,Drainage / Sewage
underground drainage pipeline cracked and leaking into soil,Drainage / Sewage
clogged gutte line causing unbearable stench across street,Drainage / Sewage
open sewer trench left uncovered after construction,Drainage / Sewage
sewage pump failure causing sewer line backing up,Drainage / Sewage
storm water drain pipe choked with silt and debris,Drainage / Sewage
broken drain wall causing wastewater to spill on road,Drainage / Sewage
manhole cover collapsed under truck weight,Drainage / Sewage
septic tank overflow spilling dirty water on pavement,Drainage / Sewage
drainage blockage near bus stand causing health hazard,Drainage / Sewage
overflowing open gutter breeding millions of mosquitoes,Drainage / Sewage
sewer gas smell spreading from open manhole chamber,Drainage / Sewage
drain clearance required before upcoming monsoon season,Drainage / Sewage
sewer line clogged near main market intersection,Drainage / Sewage
stagnant sewage water accumulated in public alley,Drainage / Sewage
Drainage water is overflowing into the street,Drainage / Sewage
sewage water is overflowing,Drainage / Sewage
drainage is blocked,Drainage / Sewage
drainage problem in street,Drainage / Sewage
sewage overflow on road,Drainage / Sewage
gutter water coming on road,Drainage / Sewage
drainage pipe choked and leaking,Drainage / Sewage
open drain overflowing with dirty water,Drainage / Sewage
traffic signal light not working at busy main junction,Traffic
severe traffic jam due to unorganized roadside parking,Traffic
traffic congestion near school zone during peak hour,Traffic
broken traffic signal stuck on red light causing gridlock,Traffic
illegal parking blocking two lanes of major arterial road,Traffic
no traffic police officer managing chaotic intersection,Traffic
missing road sign boards causing driver confusion and wrong turns,Traffic
reckless driving and auto rickshaws blocking bus stop lane,Traffic
traffic signal timer malfunction causing long vehicle queues,Traffic
heavy commercial vehicles entering restricted narrow street,Traffic
unauthorized street hawkers encroaching carriageway causing jam,Traffic
speed breaker without yellow reflective paint causing accidents,Traffic
pedestrian crossing zebra lines faded and invisible,Traffic
chaotic traffic flow near railway station entrance,Traffic
u turn gap blocked by illegally parked cabs,Traffic
traffic signal camera malfunctioning and flashing repeatedly,Traffic
no pedestrian signal light at high speed road crossing,Traffic
vehicular gridlock due to broken down heavy lorry,Traffic
missing speed limit sign board near school zone,Traffic
traffic bottlenecks caused by narrow road diversion,Traffic
wrong side driving by two wheelers causing head-on collisions,Traffic
uncalibrated traffic signal cycle time creating congestion,Traffic
delivery vans parked in middle of narrow market lane,Traffic
traffic diversion sign missing near road construction site,Traffic
lane marking missing on newly paved four-lane road,Traffic
public toilet in market area filthy and without water connection,Public Toilet / Sanitation
public washroom doors broken and lock missing,Public Toilet / Sanitation
community toilet facility completely uncleaned for days,Public Toilet / Sanitation
no water supply in municipal public restroom,Public Toilet / Sanitation
public toilet flush tank leaking and broken,Public Toilet / Sanitation
dirty and unhygienic public toilet causing terrible odor,Public Toilet / Sanitation
pay and use toilet charging money but maintaining zero cleanliness,Public Toilet / Sanitation
public urinal blocked and overflowing on floor,Public Toilet / Sanitation
sanitary napkin dispenser in ladies toilet empty and damaged,Public Toilet / Sanitation
public restroom light fixtures missing creating dark unsafe space,Public Toilet / Sanitation
clogged drains in public toilet complex,Public Toilet / Sanitation
broken wash basin in municipal sanitary block,Public Toilet / Sanitation
public toilet facility locked during daytime operational hours,Public Toilet / Sanitation
unclean septic tank of public toilet leaking outside,Public Toilet / Sanitation
no soap or handwash facility available in public toilet,Public Toilet / Sanitation
public urinal wall collapsed and unsafe for use,Public Toilet / Sanitation
water tap stolen from public restroom unit,Public Toilet / Sanitation
foul smell coming out from unmaintained public toilet,Public Toilet / Sanitation
public toilet building wall damaged with severe leakage,Public Toilet / Sanitation
lack of maintenance staff at municipal washroom block,Public Toilet / Sanitation
public toilet access ramp for disabled person broken,Public Toilet / Sanitation
filthy floor in bus stand public toilet block,Public Toilet / Sanitation
sanitation block drain blocked with solid trash,Public Toilet / Sanitation
public restroom water tank damaged and dry,Public Toilet / Sanitation
hygiene standards severely compromised in public toilet,Public Toilet / Sanitation
large tree branch fallen on main road blocking traffic lane,Tree / Fallen Tree
heavy tree uprooted during storm blocking house entrance,Tree / Fallen Tree
dangerous dead tree leaning over high tension electric wires,Tree / Fallen Tree
tree branches overgrown and obscuring street light illumination,Tree / Fallen Tree
fallen tree blocking pedestrian pavement and cycle track,Tree / Fallen Tree
overhanging tree branch touching balcony roof dangerously,Tree / Fallen Tree
tree trunk cracked and about to collapse on parked cars,Tree / Fallen Tree
dry overgrown tree branches touching electric power lines,Tree / Fallen Tree
uprooted palm tree blocking narrow street after rain,Tree / Fallen Tree
tree roots damaging underground drainage pipe and sidewalk,Tree / Fallen Tree
large coconut branch fallen on parked auto rickshaw,Tree / Fallen Tree
dangerous leaning tree near primary school play area,Tree / Fallen Tree
tree branches blocking visibility of road turn sign board,Tree / Fallen Tree
heavy tree fall blocking main bus route avenue,Tree / Fallen Tree
decayed tree trunk infested with termites leaning on fence,Tree / Fallen Tree
tree trimming required urgently near electrical transformer,Tree / Fallen Tree
uprooted tree trunk needs immediate removal by woodcutter team,Tree / Fallen Tree
fallen banyan branch blocking highway emergency lane,Tree / Fallen Tree
dry branches snapping off and falling on commuters,Tree / Fallen Tree
dangerous old tree roots cracking building boundary wall,Tree / Fallen Tree
fallen tree causing power line cut off in neighborhood,Tree / Fallen Tree
tree overgrown into street light pole fixture,Tree / Fallen Tree
uprooted trunk obstructing rainwater drain flow,Tree / Fallen Tree
tree branches hanging low over double decker bus path,Tree / Fallen Tree
heavy foliage obstructing traffic view at road bend,Tree / Fallen Tree
pack of stray dogs chasing two wheelers at night causing accidents,Stray Animals
stray dog bite incident near children playground park,Stray Animals
stray cattle wandering in middle of busy main road causing jams,Stray Animals
aggressive stray dogs barking and biting pedestrians near market,Stray Animals
stray cows eating plastic waste from overflowing dustbin,Stray Animals
dead stray animal body lying on road spreading foul disease smell,Stray Animals
stray monkey menace entering houses and damaging property,Stray Animals
stray pigs breeding in nearby open dirty drainage area,Stray Animals
bunch of stray dogs barking loudly whole night disturbing sleep,Stray Animals
stray bull fighting in middle of narrow market street,Stray Animals
unattended stray cattle sleeping on unlit highway curve,Stray Animals
rabid dog spotted roaming near residential colony gate,Stray Animals
stray dog menace near primary school entrance area,Stray Animals
dead cat carcass lying uncleared on street curb,Stray Animals
stray animals knocking over public dustbins for food,Stray Animals
herds of stray cattle causing major traffic accidents at night,Stray Animals
stray dog attack on elderly citizen during morning walk,Stray Animals
donkeys and cattle roaming freely on main bypass road,Stray Animals
stray pig nuisance near open sewage line,Stray Animals
dead stray dog rotting on roadside needs municipal removal,Stray Animals
stray cattle blocking entrance to government hospital,Stray Animals
street dog pack terrorizing residents in residential block,Stray Animals
animal carcass left unattended on highway shoulder,Stray Animals
stray dog population exploding due to open food waste,Stray Animals
cows sitting on main road divider obstructing driver view,Stray Animals
loudspeakers playing at extremely high volume past midnight,Noise Pollution
construction machinery generating unbearable noise late at night,Noise Pollution
industrial factory unit running noisy compressors in residential area,Noise Pollution
loud music system from marriage hall violating noise guidelines,Noise Pollution
excessive vehicle honking near hospital silent zone,Noise Pollution
generator set producing high decibel noise without acoustic enclosure,Noise Pollution
commercial DJ sound system causing heavy vibration in houses,Noise Pollution
firecrackers burst continuously past 11 PM creating noise disturbance,Noise Pollution
metal workshop cutting iron sheets with screeching sound all day,Noise Pollution
unauthorized public address speaker blasting audio in colony,Noise Pollution
heavy machinery operating during sleep hours near apartment,Noise Pollution
loud sound pollution from illegal night bar establishment,Noise Pollution
sound level exceeding permissible limit near quiet school zone,Noise Pollution
constant drilling noise from commercial building site at night,Noise Pollution
high decibel horn used by private buses near residential street,Noise Pollution
loudspeaker mounted on temple playing music whole day loud,Noise Pollution
generator noise disturbing elderly heart patients in colony,Noise Pollution
loud noise pollution during exam season from event ground,Noise Pollution
stone cutting machine producing loud harsh noise continuously,Noise Pollution
night time heavy truck honking on residential bypass road,Noise Pollution
unsupported exhaust on modification bike causing loud noise,Noise Pollution
high volume sound testing in open ground past allowed hours,Noise Pollution
screeching factory fan operating close to residential window,Noise Pollution
continuous loud noise from illegal commercial workshop,Noise Pollution
decibel level spike causing severe ear pain to residents,Noise Pollution
heavy black smoke emitting from illegal plastic waste burning,Air Pollution
dust pollution from uncontained building construction site,Air Pollution
toxic chemical fumes smell spreading from local factory chimney,Air Pollution
air quality degraded due to open garbage burning in plot,Air Pollution
dense smoke from burning rubber tires filling residential air,Air Pollution
dust clouds rising from unpaved road during heavy vehicle movement,Air Pollution
wood burning smoke from illegal commercial oven in street,Air Pollution
pungent chemical odor in air causing breathing difficulty and cough,Air Pollution
smoke emission from old diesel commercial vehicle without pollution certificate,Air Pollution
dust pollution from gravel unloading without water sprinkling,Air Pollution
open burning of agricultural crop residue near city border,Air Pollution
toxic air pollutants entering houses near industrial cluster,Air Pollution
smog and particulate matter accumulation in residential area,Air Pollution
asphalt tar heating smoke blowing into neighboring residential houses,Air Pollution
dust from stone crusher unit polluting surrounding atmosphere,Air Pollution
heavy carbon smoke from brick kiln operating near colony,Air Pollution
burning of electronic waste plastic causing acrid smoke,Air Pollution
fumes from open varnish and paint spraying workshop,Air Pollution
air pollution causing throat irritation and eye burning,Air Pollution
dry mud on road causing continuous dust storm when cars pass,Air Pollution
smoke from open leaf burning by sweeping staff,Air Pollution
exhaust fumes from heavy idling diesel trucks near market,Air Pollution
industrial chimney releasing untreated black smoke at night,Air Pollution
dust emissions from cement mixing plant near housing society,Air Pollution
burning trash heap causing severe smog and visibility issue,Air Pollution
industrial chemical effluent discharged directly into public river,Water Pollution
dirty oily residue floating on public pond water surface,Water Pollution
untreated sewage dumped openly into local lake ecosystem,Water Pollution
factory releasing toxic red liquid into agricultural water canal,Water Pollution
drinking water pond polluted with plastic waste and garbage,Water Pollution
foul smelling chemical waste mixed into local stream,Water Pollution
oil spill from garage washing into public water body,Water Pollution
water in public lake turned green black with heavy algae scum,Water Pollution
toxic effluent release killing fish in municipal lake,Water Pollution
chemical dye wash water discharged into open storm channel,Water Pollution
open bathing and washing clothes polluting drinking water source,Water Pollution
septic tank waste pumped directly into public waterway,Water Pollution
contaminants washed from industrial waste dump into groundwater,Water Pollution
agricultural pesticide runoff polluting nearby drinking water well,Water Pollution
muddy sludge dumped into natural water channel,Water Pollution
heavy metals and industrial solvents polluting river bank,Water Pollution
stagnant water body polluted with decaying organic matter,Water Pollution
foam and lather forming on polluted river surface,Water Pollution
garbage dumping along lake shoreline contaminating water,Water Pollution
illegal discharge pipe dumping sewage into freshwater lake,Water Pollution
hazardous liquid waste dumped near public tubewell,Water Pollution
water body covered with thick layer of floating trash,Water Pollution
effluent treatment plant bypassed by chemical factory,Water Pollution
black toxic sludge accumulated on river bed,Water Pollution
water supply source contaminated by industrial runoff,Water Pollution
construction debris and concrete waste illegally dumped on road shoulder,Illegal Dumping
truck dumping building rubble in vacant public plot at night,Illegal Dumping
illegal dumping of hazardous industrial waste drums in open field,Illegal Dumping
debris pile dumped on sidewalk blocking pedestrian access,Illegal Dumping
commercial hotel waste dumped along highway bypass line,Illegal Dumping
demolition waste left piled up on public road for weeks,Illegal Dumping
unauthorized dumping of broken glass and ceramic tiles,Illegal Dumping
contractor dumping excavated soil on main street lane,Illegal Dumping
e-waste and plastic scrap illegally dumped near lake bank,Illegal Dumping
debris mountain created by illegal contractor dumping,Illegal Dumping
old furniture and mattress waste dumped on river bridge,Illegal Dumping
tractor dumping mud and bricks on residential footpath,Illegal Dumping
illegal waste dumping site created near forest border,Illegal Dumping
building construction waste blocking public stormwater drain,Illegal Dumping
dumping of discarded car tires and automotive parts,Illegal Dumping
unlicensed tractor dumping debris in vacant colony land,Illegal Dumping
huge heap of excavated rock and soil dumped near school,Illegal Dumping
illegal dumping of chemical sludge in rural outskirts,Illegal Dumping
contractor leaving concrete waste on road after renovation,Illegal Dumping
fly tipping of domestic trash along isolated road stretch,Illegal Dumping
demolition rubble dumped near public hospital boundary,Illegal Dumping
unauthorized waste dumping causing environmental damage,Illegal Dumping
soil and stone debris dumped into public rainwater canal,Illegal Dumping
broken plaster and brick waste dumped on public garden edge,Illegal Dumping
night time illegal dumping of commercial garbage in open area,Illegal Dumping
commercial shopkeeper illegally encroaching foot path with display boards,Encroachment
illegal permanent structure built on public road land,Encroachment
street vendors blocking entire pedestrian walkway with stalls,Encroachment
unauthorized shed constructed over public rainwater drain line,Encroachment
private building fence built extending onto government road land,Encroachment
footpath occupied by illegal tea stall and bench seating,Encroachment
unauthorized vehicle parking structure built on public pavement,Encroachment
shop owner occupying public road space for inventory storage,Encroachment
illegal construction of temple structure on public sidewalk,Encroachment
encroachment on municipal park land by local commercial builder,Encroachment
footpath completely blocked by street hawker carts,Encroachment
unauthorized extension of house balcony onto public street space,Encroachment
private garage built on public lane obstructing vehicle movement,Encroachment
illegal boundary wall constructed on government public plot,Encroachment
commercial banner and hoarding blocking pedestrian walkway,Encroachment
road land illegally occupied by private taxi stand desk,Encroachment
encroachment on public drainage easement line,Encroachment
footpath land grabbed by local shopkeeper to park personal cars,Encroachment
unauthorized tin shed erected on municipal road margin,Encroachment
illegal street stall blocking access to public bus shelter,Encroachment
encroachment on public alleyway making it impassable,Encroachment
building stairs extended beyond property line into public street,Encroachment
unlawful occupation of government land near railway tracks,Encroachment
commercial display counters placed on public pedestrian zone,Encroachment
encroached public road width reduced causing daily bottlenecks,Encroachment
public park bench broken and needing immediate repair,Other
name board of government library damaged and illegible,Other
clock tower on municipal building stopped working,Other
public playground gate broken and open at night,Other
fountain in public square not operational for months,Other
heritage monument wall defaced with graffit paint,Other
community hall roof leaking during rain,Other
public gym equipment broken in neighborhood park,Other
missing information board at municipal office gate,Other
public park walking track surface damaged,Other
general civic complaint regarding public library timing,Other
damaged boundary fence of municipal burial ground,Other
public statue pedestal cracked and neglected,Other
flag pole in main square leaning sideways,Other
shade net broken at public bus terminus,Other
miscellaneous municipal service issue in ward 15,Other
public park drinking water fountain broken,Other
flower beds destroyed in public botanical garden,Other
open auditorium chairs broken and vandalized,Other
general public inconvenience regarding municipal office service,Other
broken fence wire near public sports complex,Other
community center air conditioner not functioning,Other
public garden lighting timer out of sync,Other
general maintenance request for municipal property,Other
miscellaneous complaint regarding civic amenities,Other
